<?xml version="1.0" encoding="UTF-8" ?>
<XMLDB PATH="availability/condition/examus/db" VERSION="20161021" COMMENT="XMLDB file for Moodle availability/condition/examus"
    xmlns:xsi="http://www.w3.org/2001/XMLSchema-instance"
    xsi:noNamespaceSchemaLocation="../../../../lib/xmldb/xmldb.xsd"
>
  <TABLES>
    <TABLE NAME="availability_examus" COMMENT="List of proctoring attempts">
      <FIELDS>
        <FIELD NAME="id" TYPE="int" LENGTH="10" NOTNULL="true" SEQUENCE="true"/>
        <FIELD NAME="courseid" TYPE="int" LENGTH="10" NOTNULL="true" SEQUENCE="false"/>
        <FIELD NAME="cmid" TYPE="int" LENGTH="10" NOTNULL="true" SEQUENCE="false"/>
        <FIELD NAME="attemptid" TYPE="int" LENGTH="10" NOTNULL="false" SEQUENCE="false"/>
        <FIELD NAME="userid" TYPE="int" LENGTH="10" NOTNULL="true" SEQUENCE="false"/>
        <FIELD NAME="accesscode" TYPE="char" LENGTH="255" NOTNULL="true" SEQUENCE="false"/>
        <FIELD NAME="status" TYPE="char" LENGTH="255" NOTNULL="true" DEFAULT="Not inited" SEQUENCE="false"/>
        <FIELD NAME="review_link" TYPE="text" NOTNULL="false" SEQUENCE="false" COMMENT="Review link"/>
        <FIELD NAME="timecreated" TYPE="int" LENGTH="10" NOTNULL="true" SEQUENCE="false" COMMENT="The time this record was created"/>
        <FIELD NAME="timemodified" TYPE="int" LENGTH="10" NOTNULL="true" SEQUENCE="false" COMMENT="The time this record was modified."/>
        <FIELD NAME="timescheduled" TYPE="int" LENGTH="10" NOTNULL="false" SEQUENCE="false" COMMENT="The time this record was scheduled"/>
        <FIELD NAME="score" TYPE="int" LENGTH="10" NOTNULL="false" SEQUENCE="false"/>
        <FIELD NAME="comment" TYPE="text" NOTNULL="false" SEQUENCE="false" COMMENT="comment"/>
        <FIELD NAME="threshold" TYPE="text" NOTNULL="false" SEQUENCE="false" COMMENT="warnings"/>
        <FIELD NAME="warnings" TYPE="text" NOTNULL="false" SEQUENCE="false" COMMENT="warnings"/>
        <FIELD NAME="warnings_titles" TYPE="text" NOTNULL="false" SEQUENCE="false" COMMENT="warning_titles"/>
        <FIELD NAME="session_start" TYPE="int" LENGTH="10" NOTNULL="false" SEQUENCE="false"/>
        <FIELD NAME="session_end" TYPE="int" LENGTH="10" NOTNULL="false" SEQUENCE="false"/>
      </FIELDS>
      <KEYS>
        <KEY NAME="primary" TYPE="primary" FIELDS="id"/>
        <KEY NAME="courseid" TYPE="foreign" FIELDS="courseid" REFTABLE="course" REFFIELDS="id"/>
        <KEY NAME="cmid" TYPE="foreign" FIELDS="cmid" REFTABLE="course_modules" REFFIELDS="id"/>
        <KEY NAME="userid" TYPE="foreign" FIELDS="userid" REFTABLE="user" REFFIELDS="id"/>
      </KEYS>
      <INDEXES>
        <INDEX NAME="accesscode" UNIQUE="true" FIELDS="accesscode"/>
      </INDEXES>
    </TABLE>
  </TABLES>
</XMLDB>
